deletion	chr21:1-5031800	5031800	0.0001	0.000000e+00	0.000000e+00	0.000000e+00	0.000000e+00	0.0000	0.9957	
deletion	chr21:5032001-5034200	2200	0.3765	1.534323e-07	2.410627e-11	8.964548e+05	7.353832e+05	0.0000	0.0000	
deletion	chr21:5034501-5049200	14700	0.0834	0.000000e+00	2.837053e-171	0.000000e+00	8.777406e-147	0.0000	0.0000	
deletion	chr21:5049401-5072600	23200	0.1605	0.000000e+00	1.860541e-103	0.000000e+00	8.730768e-94	0.0000	0.0000	
deletion	chr21:5072801-5084400	11600	0.1035	0.000000e+00	3.357058e-08	0.000000e+00	2.787931e-05	0.0000	0.0000	
deletion	chr21:5084601-5089800	5200	0.2174	0.000000e+00	6.387296e-13	4.781175e-09	1.359204e-04	0.0000	0.0000	
deletion	chr21:5090701-5092700	2000	0.2918	2.234849e-05	9.969027e+04	1.000000e+00	1.000000e+00	0.0000	0.0000	
deletion	chr21:5092901-5093600	700	0.1865	6.817350e-01	1.926406e-13	1.000000e+00	1.000000e+00	0.0000	0.0000	
deletion	chr21:5094901-5095700	800	0.1656	7.327506e-04	6.988741e-22	1.000000e+00	1.000000e+00	0.0000	0.0000	
deletion	chr21:5098901-5102700	3800	0.3582	4.361774e-08	2.021424e+05	1.770806e-10	4.529536e-32	0.0000	0.0000	
deletion	chr21:5104801-5108400	3600	0.3576	9.739431e-10	1.067315e+08	4.732199e+01	6.646498e+08	0.0000	0.0000	
deletion	chr21:5112301-5115000	2700	0.5534	9.032912e-04	3.114513e+02	1.131445e+02	6.950928e-01	0.0000	0.0000	
deletion	chr21:5119501-5121500	2000	0.3941	2.949872e-04	5.934659e+01	1.000000e+00	1.000000e+00	0.0000	0.0000	
deletion	chr21:5122601-5123700	1100	0.2985	1.756357e-03	1.070850e-18	1.000000e+00	1.000000e+00	0.0000	0.0000	
deletion	chr21:5124301-5128300	4000	0.2733	0.000000e+00	2.568287e-02	4.676786e-06	8.970769e+02	0.0000	0.0000	
deletion	chr21:5128501-5130600	2100	0.3426	5.293716e-04	1.755422e+02	nan	5.437355e+03	0.0000	0.0000	
deletion	chr21:5131101-5132900	1800	0.3124	9.508465e-05	5.714099e+03	1.000000e+00	1.000000e+00	0.0000	0.0000	
deletion	chr21:5133301-5137100	3800	0.2640	0.000000e+00	5.456331e-20	6.277506e-07	5.770140e-11	0.0000	0.0000	
deletion	chr21:5137401-5138700	1300	0.2723	1.863283e-03	3.247189e-14	1.000000e+00	1.000000e+00	0.0000	0.0000	
deletion	chr21:5139001-5142400	3400	0.3074	1.874971e-10	1.280552e+09	1.458276e-02	1.325474e-02	0.0000	0.0000	
deletion	chr21:5143401-5144800	1400	0.2582	2.702478e-03	1.795036e-10	1.000000e+00	1.000000e+00	0.0000	0.0000	
deletion	chr21:5145801-5147000	1200	0.1439	3.506195e-07	1.080953e-39	1.000000e+00	1.000000e+00	0.0000	0.0000	
deletion	chr21:5147201-5152800	5600	0.6114	6.637524e-06	4.816396e+08	2.834304e+00	9.112110e+08	0.0000	0.0000	
deletion	chr21:5153101-5160600	7500	0.3079	0.000000e+00	1.179452e+09	0.000000e+00	1.495229e+09	0.0000	0.0000	
deletion	chr21:5161201-5216300	55100	0.0024	0.000000e+00	0.000000e+00	0.000000e+00	0.000000e+00	0.0000	0.9074	
duplication	chr21:5216301-5255200	38900	4.8332	0.000000e+00	2.870377e+09	0.000000e+00	2.870409e+09	0.0000	0.0000	
deletion	chr21:5255401-5261200	5800	0.0817	0.000000e+00	1.776538e-33	0.000000e+00	6.371114e-19	0.0000	0.0000	
deletion	chr21:5261301-5270100	8800	0.0770	0.000000e+00	1.469549e-98	0.000000e+00	1.585117e-197	0.0000	0.0000	
deletion	chr21:5270301-5272800	2500	0.1227	4.883174e-08	1.274718e+09	4.100607e-01	3.015368e-19	0.0000	0.0000	
deletion	chr21:5273501-5289300	15800	0.1295	0.000000e+00	1.202549e-24	0.000000e+00	2.019097e-20	0.0000	0.0000	
duplication	chr21:5289301-5298700	9400	2.5858	0.000000e+00	5.149655e-185	0.000000e+00	1.611736e-153	0.0000	0.0000	
deletion	chr21:5321101-5322400	1300	0.2590	6.014247e-03	1.551911e-17	1.000000e+00	1.000000e+00	0.0000	0.0000	
deletion	chr21:5324901-5329400	4500	0.2944	0.000000e+00	9.346593e-03	3.506960e-06	3.711300e+01	0.0000	0.0000	
deletion	chr21:5333701-5335500	1800	0.0896	0.000000e+00	6.154533e-57	1.000000e+00	1.000000e+00	0.0000	0.0000	
deletion	chr21:5337401-5339600	2200	0.1743	2.810752e-07	1.032774e-05	7.618979e+04	8.923636e-04	0.0000	0.0000	
deletion	chr21:5339901-5341100	1200	0.2803	6.000476e-01	1.713216e-03	1.000000e+00	1.000000e+00	0.0000	0.0000	
deletion	chr21:5347501-5349900	2400	0.4416	4.310243e-02	4.312627e+08	3.055053e+05	2.996366e+08	0.0000	0.0000	
deletion	chr21:5350801-5353500	2700	0.3545	4.613516e-04	2.412846e+09	2.627850e+02	1.317644e+03	0.0000	0.0000	
deletion	chr21:5356301-5357800	1500	0.2347	2.689617e-03	1.092304e-02	1.000000e+00	1.000000e+00	0.0000	0.0000	
deletion	chr21:5358701-5360000	1300	0.2088	2.305000e-03	8.219667e-14	1.000000e+00	1.000000e+00	0.0000	0.0000	
deletion	chr21:5360301-5365900	5600	0.3950	7.399438e-10	2.870340e+09	1.506960e-04	2.870575e+09	0.0000	0.0000	
deletion	chr21:5368101-5370700	2600	0.2830	5.243478e-06	1.712916e+01	7.669327e-01	1.298056e-19	0.0000	0.0000	
duplication	chr21:5371401-5375300	3900	1.9207	3.023991e-09	2.367526e-40	5.994394e-02	2.135221e-15	0.0000	0.0000	
deletion	chr21:5385901-5388000	2100	0.2820	8.179134e-04	4.303054e+05	nan	9.833314e+08	0.0000	0.0000	
deletion	chr21:5392701-6070000	677300	0.0064	0.000000e+00	0.000000e+00	0.000000e+00	0.000000e+00	0.0000	0.3691	
deletion	chr21:6070601-6155000	84400	0.1412	0.000000e+00	1.106370e-13	0.000000e+00	3.758730e-13	0.0000	0.0000	
deletion	chr21:6155201-6364000	208800	0.0119	0.000000e+00	0.000000e+00	0.000000e+00	0.000000e+00	0.0000	0.2395	
deletion	chr21:6364701-6365600	900	0.1135	2.742525e-03	1.061654e-24	1.000000e+00	1.000000e+00	0.0000	0.0000	
duplication	chr21:6373801-6377000	3200	2.6379	2.396105e-04	6.625742e-26	2.921935e+01	1.224529e-09	0.0000	0.0000	
deletion	chr21:6377201-6511000	133800	0.0797	0.000000e+00	1.263025e-57	0.000000e+00	1.239624e-56	0.0000	0.3737	
deletion	chr21:6511201-6560700	49500	0.0969	0.000000e+00	5.819690e-92	0.000000e+00	6.812544e-88	0.0000	0.0000	
deletion	chr21:6560901-6564700	3800	0.2035	0.000000e+00	1.748300e+07	0.000000e+00	2.042847e-53	0.0000	0.0000	
deletion	chr21:6566101-6846600	280500	0.0073	0.000000e+00	1.224650e-249	0.000000e+00	8.515739e-248	0.0000	0.3565	
deletion	chr21:6846901-6850700	3800	0.1818	0.000000e+00	4.030902e-14	9.849221e-07	4.296381e-02	0.0000	0.0000	
deletion	chr21:6851001-7133900	282900	0.0233	0.000000e+00	0.000000e+00	0.000000e+00	0.000000e+00	0.0000	0.1767	
deletion	chr21:7134301-7199900	65600	0.0028	0.000000e+00	0.000000e+00	0.000000e+00	0.000000e+00	0.0000	0.7622	
deletion	chr21:7200101-7202400	2300	0.1494	1.385848e-10	1.933541e-21	8.868239e+02	4.975035e-10	0.0000	0.0000	
deletion	chr21:7208701-7209800	1100	0.1918	1.903100e-03	2.949856e-23	1.000000e+00	1.000000e+00	0.0000	0.0000	
deletion	chr21:7210001-7211100	1100	0.1645	2.498266e-05	5.491868e-30	1.000000e+00	1.000000e+00	0.0000	0.0000	
deletion	chr21:7211901-7215100	3200	0.2280	0.000000e+00	2.050498e-14	6.900830e-07	9.477139e-34	0.0000	0.0000	
deletion	chr21:7216601-7219400	2800	0.2558	1.024538e-09	6.314456e+06	1.142731e+03	4.996790e+08	0.0000	0.0000	
deletion	chr21:7219801-7222500	2700	0.3348	4.892500e-06	1.646356e+08	9.036211e-01	4.756004e-16	0.0000	0.0000	
duplication	chr21:7230501-7250900	20400	3.2917	0.000000e+00	3.748707e+03	0.000000e+00	1.328623e-02	0.0000	0.0000	
duplication	chr21:7254401-7261800	7400	4.2540	0.000000e+00	5.493107e-30	0.000000e+00	0.000000e+00	0.0000	0.0000	
duplication	chr21:7266001-7268800	2800	2.1757	5.103905e-06	1.631836e-14	4.707632e+02	1.038756e-03	0.0000	0.0000	
duplication	chr21:7271501-7288300	16800	2.1516	0.000000e+00	4.076905e+08	0.000000e+00	5.143368e+08	0.0000	0.0000	
duplication	chr21:7288601-7295900	7300	3.2705	0.000000e+00	2.740924e+09	0.000000e+00	6.242071e+06	0.0000	0.0000	
duplication	chr21:7297301-7302500	5200	2.4007	8.459003e-09	2.523520e+09	2.205634e-03	1.689565e-03	0.0000	0.0000	
duplication	chr21:7302901-7308900	6000	2.5200	0.000000e+00	9.205040e-58	1.059827e-08	2.930025e-47	0.0000	0.0000	
duplication	chr21:7309601-7327900	18300	2.6736	0.000000e+00	2.423111e+09	0.000000e+00	1.521302e+08	0.0000	0.0019	
deletion	chr21:7327901-7759100	431200	0.0051	0.000000e+00	9.943655e-64	0.000000e+00	2.155925e-63	0.0000	0.3478	
deletion	chr21:7759401-7775400	16000	0.0334	0.000000e+00	1.542836e-98	0.000000e+00	3.953975e-85	0.0000	0.0000	
deletion	chr21:7776301-7819500	43200	0.0380	0.000000e+00	2.544555e-60	0.000000e+00	4.003900e-57	0.0000	0.0000	
deletion	chr21:7820401-7915800	95400	0.0209	0.000000e+00	4.384784e-51	0.000000e+00	7.869627e-50	0.0000	0.5241	
duplication	chr21:7915801-7974000	58200	4.0573	0.000000e+00	7.720651e-292	0.000000e+00	1.646391e-281	0.0000	0.0000	
deletion	chr21:7976301-7977700	1400	0.1506	1.325219e-02	3.734308e-02	1.000000e+00	1.000000e+00	0.0000	0.0000	
deletion	chr21:7979101-7986400	7300	0.0792	0.000000e+00	1.051920e+08	0.000000e+00	2.602682e+08	0.0000	0.0000	
deletion	chr21:7987501-7991100	3600	0.1881	0.000000e+00	6.064413e-18	2.155792e-05	1.892478e-03	0.0000	0.0000	
duplication	chr21:7991701-7997100	5400	3.2866	1.240863e-06	2.869870e+09	8.946811e-03	2.864225e+09	0.0000	0.0000	
deletion	chr21:7997101-7999400	2300	0.2953	3.130172e-03	1.944203e+08	8.868239e+02	4.975035e-10	0.0000	0.0000	
deletion	chr21:8000301-8000800	500	0.1012	5.605438e+00	2.120472e-13	1.000000e+00	1.000000e+00	0.0000	0.0000	
deletion	chr21:8001401-8004400	3000	0.1615	0.000000e+00	5.095748e-02	1.262273e-01	1.714840e-07	0.0000	0.0000	
deletion	chr21:8006301-8007800	1500	0.2879	2.418411e-02	2.064843e+05	1.000000e+00	1.000000e+00	0.0000	0.0000	
deletion	chr21:8008301-8008900	600	0.2321	7.164886e+02	2.983543e-02	1.000000e+00	1.000000e+00	0.0000	0.0000	
deletion	chr21:8009101-8013600	4500	0.3652	6.933767e-07	2.870966e+09	3.168454e+01	2.870981e+09	0.0000	0.0000	
deletion	chr21:8019901-8020200	300	0.0308	1.491828e+03	7.878807e-08	1.000000e+00	1.000000e+00	0.0000	0.0000	
deletion	chr21:8020801-8021900	1100	0.1031	6.681880e-03	2.378852e-18	1.000000e+00	1.000000e+00	0.0000	0.0000	
deletion	chr21:8023001-8032000	9000	0.1714	0.000000e+00	2.866147e+09	0.000000e+00	2.867224e+09	0.0000	0.0000	
deletion	chr21:8034701-8035100	400	0.1242	3.107135e+02	5.400244e-08	1.000000e+00	1.000000e+00	0.0000	0.0000	
deletion	chr21:8046201-8046900	700	0.2124	1.750758e+00	1.508357e-09	1.000000e+00	1.000000e+00	0.0000	0.0000	
duplication	chr21:8046901-8049800	2900	3.0599	6.594725e-10	3.028019e-06	8.915097e-02	0.000000e+00	0.0000	0.0000	
deletion	chr21:8049801-8207800	158000	0.0010	0.000000e+00	0.000000e+00	0.000000e+00	0.000000e+00	0.0000	0.3165	
deletion	chr21:8209701-8212400	2700	0.0477	0.000000e+00	1.123617e-29	6.933706e-05	4.806328e-35	0.0000	0.0000	
deletion	chr21:8215501-8216800	1300	0.1884	2.585353e-02	1.192283e-01	1.000000e+00	1.000000e+00	0.0000	0.0000	
deletion	chr21:8217501-8218800	1300	0.1399	9.149906e-03	1.316404e-10	1.000000e+00	1.000000e+00	0.0000	0.0000	
deletion	chr21:8221201-8222000	800	0.2189	7.079902e+01	9.986327e-03	1.000000e+00	1.000000e+00	0.0000	0.0000	
deletion	chr21:8222701-8228000	5300	0.0386	0.000000e+00	6.187308e-13	0.000000e+00	1.214579e-197	0.0000	0.0000	
duplication	chr21:8228001-8232000	4000	33.2106	2.794216e-02	5.087189e-216	2.439180e+00	0.000000e+00	0.0000	0.0000	
deletion	chr21:8235501-8237100	1600	0.0430	0.000000e+00	1.863175e-46	1.000000e+00	1.000000e+00	0.0000	0.0000	
deletion	chr21:8237901-8239100	1200	0.2358	3.097371e-01	5.942148e-05	1.000000e+00	1.000000e+00	0.0000	0.0000	
deletion	chr21:8239901-8249700	9800	0.0367	0.000000e+00	2.870737e+09	0.000000e+00	0.000000e+00	0.0000	0.0000	
deletion	chr21:8249901-8252300	2400	0.0104	0.000000e+00	6.433430e-126	1.296889e+01	2.773642e-16	0.0000	0.0000	
deletion	chr21:8253001-8396100	143100	0.0082	0.000000e+00	2.402379e+09	0.000000e+00	2.408370e+09	0.0000	0.3494	
deletion	chr21:8397301-8401900	4600	0.0446	0.000000e+00	3.090321e-80	0.000000e+00	7.998529e-123	0.0000	0.0000	
deletion	chr21:8403201-8405000	1800	0.0369	0.000000e+00	2.193975e-51	1.000000e+00	1.000000e+00	0.0000	0.0000	
deletion	chr21:8406201-8411000	4800	0.0290	0.000000e+00	3.916572e-30	0.000000e+00	2.207181e-158	0.0000	0.0000	
deletion	chr21:8412301-8416300	4000	0.0312	0.000000e+00	3.778653e-126	0.000000e+00	2.416126e-116	0.0000	0.0000	
deletion	chr21:8417101-8419400	2300	0.0911	1.164944e-06	2.500350e+09	8.868239e+02	4.975035e-10	0.0000	0.0000	
deletion	chr21:8421701-8444100	22400	0.0260	0.000000e+00	1.943002e+05	0.000000e+00	0.000000e+00	0.0000	0.0000	
deletion	chr21:8444801-8446700	1900	0.0894	8.388027e-10	3.105950e-28	1.000000e+00	1.000000e+00	0.0000	0.0000	
deletion	chr21:8447501-8466200	18700	0.0228	0.000000e+00	1.773457e-92	0.000000e+00	8.778703e-254	0.0000	0.0000	
deletion	chr21:8467301-8471700	4400	0.0675	0.000000e+00	4.070052e-02	0.000000e+00	8.670559e-135	0.0000	0.0000	
deletion	chr21:8472301-8674800	202500	0.0757	0.000000e+00	0.000000e+00	0.000000e+00	0.000000e+00	0.0000	0.2469	
deletion	chr21:8674901-8678500	3600	0.1298	0.000000e+00	3.244058e-77	0.000000e+00	4.555975e-51	0.0000	0.0000	
deletion	chr21:8678601-8679600	1000	0.1120	6.047231e-06	2.581121e-34	1.000000e+00	1.000000e+00	0.0000	0.0000	
deletion	chr21:8679701-8685400	5700	0.4209	0.000000e+00	5.912047e+06	2.024462e-07	5.179617e+07	0.0000	0.0000	
deletion	chr21:8687501-8688200	700	0.2907	3.449715e+01	2.146498e-06	1.000000e+00	1.000000e+00	0.0000	0.0000	
deletion	chr21:8700501-8756800	56300	0.0748	0.000000e+00	9.267124e+08	0.000000e+00	9.646958e+08	0.0000	0.8881	
duplication	chr21:8756801-8790800	34000	3.2562	0.000000e+00	2.607274e+08	0.000000e+00	5.822198e+02	0.0000	0.0000	
deletion	chr21:8790901-8793000	2100	0.4138	4.968639e-02	1.589163e+04	nan	7.104269e+05	0.0000	0.0000	
deletion	chr21:8796501-8798200	1700	0.3707	4.210902e-03	2.706233e-02	1.000000e+00	1.000000e+00	0.0000	0.0000	
deletion	chr21:8800401-8802000	1600	0.2249	5.342073e-04	3.648638e-10	1.000000e+00	1.000000e+00	0.0000	0.0000	
deletion	chr21:8802501-8805800	3300	0.3243	2.095990e-07	2.603479e+09	2.731507e+01	2.762479e+09	0.0000	0.0000	
deletion	chr21:8807201-8808700	1500	0.2441	6.078701e-05	1.525060e-23	1.000000e+00	1.000000e+00	0.0000	0.0000	
deletion	chr21:8814801-8815400	600	0.2882	5.864697e+02	7.136867e-03	1.000000e+00	1.000000e+00	0.0000	0.0000	
deletion	chr21:8820001-8820600	600	0.2650	1.584577e+01	5.081692e-06	1.000000e+00	1.000000e+00	0.0000	0.0000	
deletion	chr21:8822601-8823400	800	0.3788	8.867797e+01	3.252780e-03	1.000000e+00	1.000000e+00	0.0000	0.0000	
deletion	chr21:8827201-8829500	2300	0.2280	8.466145e-07	4.338121e-09	7.240481e+02	1.950279e-08	0.0000	0.0000	
duplication	chr21:8832001-8841200	9200	2.6265	0.000000e+00	1.057046e+04	0.000000e+00	4.230784e-09	0.0000	0.0000	
duplication	chr21:8841501-8845300	3800	2.6931	0.000000e+00	7.695286e-51	3.249783e-06	9.539323e-135	0.0000	0.0000	
deletion	chr21:8846901-8848900	2000	0.2284	3.571379e-06	6.273135e-12	1.000000e+00	1.000000e+00	0.0000	0.0000	
deletion	chr21:8849401-8855600	6200	0.2280	0.000000e+00	1.444160e+09	0.000000e+00	1.802516e+09	0.0000	0.0000	
deletion	chr21:8855901-8858000	2100	0.1571	4.559420e-06	6.787146e+02	nan	1.600617e+03	0.0000	0.0000	
deletion	chr21:8859501-8864000	4500	0.3313	0.000000e+00	2.098717e+03	1.570424e-04	1.803671e+04	0.0000	0.0000	
deletion	chr21:8864401-8867400	3000	0.1671	0.000000e+00	3.678486e-04	0.000000e+00	2.932433e-51	0.0000	0.0000	
deletion	chr21:8867601-8870800	3200	0.2893	7.769410e-09	2.260065e+09	1.771560e+02	2.624618e+09	0.0000	0.0000	
deletion	chr21:8871301-8875100	3800	0.0813	0.000000e+00	5.411920e-54	0.000000e+00	7.773399e-104	0.0000	0.0000	
deletion	chr21:8875901-8878600	2700	0.2354	2.479128e-08	4.289572e+08	4.965699e+02	5.229873e+04	0.0000	0.0000	
deletion	chr21:8880001-8885500	5500	0.2442	0.000000e+00	1.163838e+09	0.000000e+00	4.053205e+03	0.0000	0.0000	
deletion	chr21:8886601-8987000	100400	0.0011	0.000000e+00	0.000000e+00	0.000000e+00	0.000000e+00	0.0000	0.9960	
deletion	chr21:8987201-8987500	300	0.2516	5.064418e+02	1.173486e-02	1.000000e+00	1.000000e+00	0.0000	0.0000	
duplication	chr21:8988401-9016600	28200	4.4231	0.000000e+00	3.206447e-149	0.000000e+00	5.108510e-138	0.0000	0.0000	
duplication	chr21:9016901-9031000	14100	2.6676	0.000000e+00	1.598104e-78	0.000000e+00	3.802941e-66	0.0000	0.0000	
duplication	chr21:9031201-9032800	1600	2.8098	1.393472e-03	1.724310e-13	1.000000e+00	1.000000e+00	0.0000	0.0000	
duplication	chr21:9033001-9040500	7500	2.4231	0.000000e+00	6.240853e+04	0.000000e+00	1.093086e+06	0.0000	0.0000	
deletion	chr21:9040501-9043500	3000	2.2579	2.222774e-02	2.857380e+09	7.326133e+02	1.827029e-11	0.0000	0.0000	
deletion	chr21:9045101-9046500	1400	0.2213	9.593770e-06	1.081985e-24	1.000000e+00	1.000000e+00	0.0000	0.0000	
deletion	chr21:9051001-9053000	2000	0.2059	4.306086e-06	3.526391e-12	1.000000e+00	1.000000e+00	0.0000	0.0000	
deletion	chr21:9053801-9059700	5900	0.1897	0.000000e+00	1.611168e+09	0.000000e+00	1.959698e+09	0.0000	0.0000	
deletion	chr21:9064101-9067600	3500	0.1942	0.000000e+00	1.505681e-14	2.766707e-07	7.164514e-19	0.0000	0.0000	
deletion	chr21:9075601-9078100	2500	0.2800	3.697442e-09	5.772198e-21	6.402436e+02	8.225362e-04	0.0000	0.0000	
deletion	chr21:9078501-9085800	7300	0.2615	0.000000e+00	5.054147e-08	0.000000e+00	1.967390e-03	0.0000	0.0000	
deletion	chr21:9086601-9096300	9700	0.3320	0.000000e+00	1.290097e+09	0.000000e+00	1.521435e+09	0.0000	0.0000	
deletion	chr21:9099701-9102600	2900	0.1687	4.396483e-10	1.438871e+09	2.880117e+00	3.158445e-01	0.0000	0.0000	
deletion	chr21:9102901-9110500	7600	0.1288	0.000000e+00	2.722833e+03	0.000000e+00	1.047187e+05	0.0000	0.0000	
deletion	chr21:9110901-9126100	15200	0.1814	0.000000e+00	2.440489e+05	0.000000e+00	2.562518e-25	0.0000	0.0000	
deletion	chr21:9126301-9130600	4300	0.2713	0.000000e+00	2.067022e-01	7.412894e-03	1.078635e+04	0.0000	0.0000	
deletion	chr21:9131901-9132800	900	0.2170	3.272445e-01	2.480866e-15	1.000000e+00	1.000000e+00	0.0000	0.0000	
deletion	chr21:9133401-9134100	700	0.3262	5.603112e+01	3.209235e-04	1.000000e+00	1.000000e+00	0.0000	0.0000	
deletion	chr21:9138101-9141400	3300	0.2240	0.000000e+00	3.782531e-21	3.008306e-02	3.750649e-04	0.0000	0.0000	
deletion	chr21:9141601-9151000	9400	0.2052	0.000000e+00	1.846652e+09	0.000000e+00	1.609347e-21	0.0000	0.0000	
deletion	chr21:9151601-9159100	7500	0.2536	0.000000e+00	4.001265e+02	0.000000e+00	2.694140e+04	0.0000	0.0000	
deletion	chr21:9159801-9163400	3600	0.0710	0.000000e+00	1.959018e-90	2.589803e-09	2.422466e-35	0.0000	0.0000	
deletion	chr21:9164301-9165600	1300	0.2408	1.122165e-02	1.330167e-03	1.000000e+00	1.000000e+00	0.0000	0.0000	
deletion	chr21:9166301-9167900	1600	0.2785	9.076265e-06	6.346890e-22	1.000000e+00	1.000000e+00	0.0000	0.0000	
deletion	chr21:9168601-9172000	3400	0.4244	2.027439e-03	2.862917e+09	1.142133e+03	2.867669e+09	0.0000	0.0000	
deletion	chr21:9172601-9176400	3800	0.1606	0.000000e+00	2.729230e-59	2.100176e-07	1.726192e-23	0.0000	0.0000	
deletion	chr21:9178001-9180600	2600	0.1876	1.225942e-10	5.666897e-05	3.972299e+03	1.974299e+06	0.0000	0.0000	
deletion	chr21:9183201-9185800	2600	0.1223	0.000000e+00	6.055559e-16	1.284387e-01	4.476582e-21	0.0000	0.0000	
deletion	chr21:9194601-9246100	51500	0.0038	0.000000e+00	0.000000e+00	0.000000e+00	0.000000e+00	0.0000	0.9709	
duplication	chr21:9246101-9249100	3000	5.7475	1.328104e-08	3.079222e-125	2.351711e-03	0.000000e+00	0.0000	0.0000	
deletion	chr21:9249701-9259100	9400	0.1622	0.000000e+00	6.844237e+07	0.000000e+00	1.641972e-04	0.0000	0.0000	
deletion	chr21:9259501-9283700	24200	0.0945	0.000000e+00	2.871000e+09	0.000000e+00	2.869549e+09	0.0000	0.0000	
deletion	chr21:9285001-9286900	1900	0.3514	6.187948e-05	6.436521e-14	1.000000e+00	1.000000e+00	0.0000	0.0000	
deletion	chr21:9290001-9291600	1600	0.4201	4.906018e-03	6.480112e+06	1.000000e+00	1.000000e+00	0.0000	0.0000	
duplication	chr21:9297201-9299000	1800	2.2001	1.423652e-02	5.722243e-38	1.000000e+00	1.000000e+00	0.0000	0.0000	
deletion	chr21:9310301-9311000	700	0.2824	1.084673e+01	4.226655e-08	1.000000e+00	1.000000e+00	0.0000	0.0000	
deletion	chr21:9318201-9320000	1800	0.4406	4.548917e-02	3.624794e+01	1.000000e+00	1.000000e+00	0.0000	0.0000	
deletion	chr21:9323101-9329700	6600	0.6649	9.391574e-03	2.871000e+09	6.415307e+00	2.866716e+09	0.0000	0.0000	
deletion	chr21:9331101-9333300	2200	0.3356	5.886293e-05	1.502306e-04	2.678656e+05	2.110410e+00	0.0000	0.0000	
deletion	chr21:9336701-9339000	2300	0.3598	4.299829e-05	9.700143e+04	3.064333e+04	2.072307e+00	0.0000	0.0000	
deletion	chr21:9339101-9342500	3400	0.3460	9.281105e-09	1.425954e+07	1.401200e-02	1.436132e-03	0.0000	0.0000	
deletion	chr21:9356101-9356800	700	0.2126	2.041938e-01	1.103842e-14	1.000000e+00	1.000000e+00	0.0000	0.0000	
deletion	chr21:9376401-9528400	152000	0.0039	0.000000e+00	0.000000e+00	0.000000e+00	0.000000e+00	0.0000	0.9868	
deletion	chr21:9529401-9536200	6800	0.3624	0.000000e+00	1.755419e+09	1.593725e-09	2.028709e+09	0.0000	0.0000	
deletion	chr21:9550301-9551800	1500	0.3767	7.827065e-04	1.025268e-08	1.000000e+00	1.000000e+00	0.0000	0.0000	
deletion	chr21:9552801-9560000	7200	0.4535	0.000000e+00	2.870940e+09	1.409834e-08	2.870957e+09	0.0000	0.0000	
deletion	chr21:9560701-9562500	1800	0.2952	8.027062e-07	2.958230e-27	1.000000e+00	1.000000e+00	0.0000	0.0000	
deletion	chr21:9587101-9588000	900	0.4479	2.641026e+00	5.913970e-05	1.000000e+00	1.000000e+00	0.0000	0.0000	
deletion	chr21:9588601-9591200	2600	0.3865	5.259293e-08	2.099110e-04	2.337409e+03	3.900754e+05	0.0000	0.0000	
deletion	chr21:9593401-9594800	1400	0.2564	1.657160e-04	5.440465e-11	1.000000e+00	1.000000e+00	0.0000	0.0000	
deletion	chr21:9596201-9599700	3500	0.5779	1.337064e-03	6.344231e+08	2.152158e+01	4.481144e+08	0.0000	0.0000	
deletion	chr21:9601101-9605600	4500	0.3322	3.754108e-09	2.837853e+09	1.873148e-01	2.852537e+09	0.0000	0.0000	
deletion	chr21:9605701-9607600	1900	0.2693	2.497954e-07	1.613456e-15	1.000000e+00	1.000000e+00	0.0000	0.0000	
deletion	chr21:9608201-9610100	1900	0.4413	4.476403e-02	1.031641e+03	1.000000e+00	1.000000e+00	0.0000	0.0000	
deletion	chr21:9610901-9628900	18000	0.2512	0.000000e+00	2.770871e+09	0.000000e+00	2.781822e+09	0.0000	0.0000	
deletion	chr21:9630801-9631900	1100	0.4321	4.187146e-01	5.491164e-04	1.000000e+00	1.000000e+00	0.0000	0.0000	
deletion	chr21:9632101-9634000	1900	0.2456	3.326524e-06	9.180683e-05	1.000000e+00	1.000000e+00	0.0000	0.0000	
deletion	chr21:9634801-9646500	11700	0.3676	0.000000e+00	2.867709e+09	0.000000e+00	2.868271e+09	0.0000	0.0000	
duplication	chr21:9646901-9659300	12400	2.9160	0.000000e+00	4.386015e-140	0.000000e+00	0.000000e+00	0.0000	0.0000	
deletion	chr21:9660201-9661900	1700	0.4201	2.816664e-02	1.307098e+07	1.000000e+00	1.000000e+00	0.0000	0.0000	
deletion	chr21:9664601-9665600	1000	0.4538	1.947785e+00	4.883103e-03	1.000000e+00	1.000000e+00	0.0000	0.0000	
deletion	chr21:9670101-9671300	1200	0.3321	3.702923e-02	2.324051e-15	1.000000e+00	1.000000e+00	0.0000	0.0000	
deletion	chr21:9677001-9680600	3600	0.2707	3.824940e-08	2.823314e+09	5.094603e-04	9.428124e+00	0.0000	0.0000	
duplication	chr21:9680601-9681000	400	0.6727	1.406290e+06	2.861900e+09	1.000000e+00	1.000000e+00	0.0000	0.0000	
deletion	chr21:9681001-9684000	3000	0.2424	3.257829e-05	2.870999e+09	5.450049e-04	1.643356e-22	0.0000	0.0000	
deletion	chr21:9684301-9689000	4700	0.2922	0.000000e+00	1.382777e+09	2.152237e-05	1.886972e+09	0.0000	0.0000	
deletion	chr21:9692701-9694200	1500	0.3702	1.621642e-03	1.142655e-10	1.000000e+00	1.000000e+00	0.0000	0.0000	
deletion	chr21:9699701-9700200	500	0.1133	2.528105e+02	2.703052e-08	1.000000e+00	1.000000e+00	0.0000	0.0000	
deletion	chr21:9715701-9716800	1100	0.2984	1.076542e-01	1.243745e-02	1.000000e+00	1.000000e+00	0.0000	0.0000	
duplication	chr21:9719901-9734700	14800	2.7180	0.000000e+00	3.352064e-01	0.000000e+00	0.000000e+00	0.0000	0.0000	
duplication	chr21:9735201-9798000	62800	2.7933	0.000000e+00	2.713622e-143	0.000000e+00	0.000000e+00	0.0000	0.0000	
deletion	chr21:9799901-9802100	2200	0.4696	3.188609e-06	7.450294e-01	6.893399e+05	2.534149e+06	0.0000	0.0000	
deletion	chr21:9802801-9807100	4300	0.5039	1.556662e-09	7.419341e-01	1.674604e-01	2.136711e+04	0.0000	0.0000	
deletion	chr21:9824701-9832400	7700	0.2859	0.000000e+00	1.683799e+02	0.000000e+00	1.272521e+04	0.0000	0.0000	
deletion	chr21:9833501-9836700	3200	0.3451	8.267449e-09	1.821830e+03	1.340210e-02	2.939825e-04	0.0000	0.0000	
duplication	chr21:9836701-9844400	7700	2.5794	0.000000e+00	1.596237e+05	0.000000e+00	7.034663e-226	0.0000	0.0000	
duplication	chr21:9844601-9863800	19200	2.6851	0.000000e+00	2.870498e+09	0.000000e+00	2.870550e+09	0.0000	0.0000	
duplication	chr21:9864001-9997100	133100	2.9336	0.000000e+00	0.000000e+00	0.000000e+00	0.000000e+00	0.0000	0.0000	
duplication	chr21:9997501-10030600	33100	2.8643	0.000000e+00	7.239979e-186	0.000000e+00	4.148991e-174	0.0000	0.0000	
deletion	chr21:10031001-10032500	1500	0.2631	1.138372e-04	6.570621e-23	1.000000e+00	1.000000e+00	0.0000	0.0000	
deletion	chr21:10062401-10063300	900	0.3308	6.059426e-01	4.493519e-10	1.000000e+00	1.000000e+00	0.0000	0.0000	
deletion	chr21:10065101-10069300	4200	0.5382	7.543177e-06	1.550700e+06	1.962395e+01	5.578055e+07	0.0000	0.0000	
deletion	chr21:10085201-10086100	900	0.4586	2.864353e+00	1.410633e-04	1.000000e+00	1.000000e+00	0.0000	0.0000	
duplication	chr21:10096301-10098700	2400	1.7041	2.815020e-02	7.246356e+05	2.736820e+04	4.542034e+03	0.0000	0.0000	
deletion	chr21:10124401-10125700	1300	0.3320	3.059652e-02	1.585263e-07	1.000000e+00	1.000000e+00	0.0000	0.0000	
deletion	chr21:10126301-10127300	1000	0.2845	1.899285e+00	3.999066e-09	1.000000e+00	1.000000e+00	0.0000	0.0000	
deletion	chr21:10127801-10129000	1200	0.2365	8.678229e-02	1.343973e-08	1.000000e+00	1.000000e+00	0.0000	0.0000	
deletion	chr21:10129101-10134200	5100	0.1052	0.000000e+00	4.839775e+04	0.000000e+00	3.603060e+06	0.0000	0.0000	
deletion	chr21:10134501-10140100	5600	0.1753	0.000000e+00	2.718653e+09	0.000000e+00	2.772112e+09	0.0000	0.0000	
deletion	chr21:10143301-10145900	2600	0.4050	1.845662e-02	2.867602e+09	5.393208e+05	2.870216e+09	0.0000	0.0000	
deletion	chr21:10159301-10161700	2400	0.2984	1.062483e-09	7.781012e-24	2.089039e+04	1.923149e+03	0.0000	0.0000	
deletion	chr21:10163301-10165200	1900	0.3655	1.205744e-04	8.656077e-08	1.000000e+00	1.000000e+00	0.0000	0.0000	
deletion	chr21:10165501-10167200	1700	0.2347	1.297864e-04	1.232350e-14	1.000000e+00	1.000000e+00	0.0000	0.0000	
deletion	chr21:10167901-10270100	102200	0.0148	0.000000e+00	2.870962e+09	0.000000e+00	2.870963e+09	0.0000	0.9785	
deletion	chr21:10274301-10324400	50100	0.0006	0.000000e+00	0.000000e+00	0.000000e+00	0.000000e+00	0.0000	0.9980	
duplication	chr21:10324401-10364800	40400	5.5212	0.000000e+00	4.503712e+06	0.000000e+00	0.000000e+00	0.0000	0.0000	
duplication	chr21:10370501-10374700	4200	3.0992	1.681987e-06	3.487419e+08	3.718017e-01	9.516349e+08	0.0000	0.0000	
duplication	chr21:10375801-10378700	2900	2.8785	1.200323e-02	1.162432e+08	4.761878e+03	1.061272e+09	0.0000	0.0000	
duplication	chr21:10379201-10413200	34000	3.3354	0.000000e+00	1.642476e-119	0.000000e+00	5.743513e-112	0.0000	0.0000	
duplication	chr21:10414701-10435100	20400	7.2065	0.000000e+00	2.205983e+07	0.000000e+00	3.555488e+07	0.0000	0.0000	
duplication	chr21:10435301-10471300	36000	5.4811	0.000000e+00	9.041283e+00	0.000000e+00	2.682579e+01	0.0000	0.0000	
duplication	chr21:10471601-10492200	20600	2.6287	0.000000e+00	1.014005e-22	0.000000e+00	1.147180e-19	0.0000	0.0000	
deletion	chr21:10493101-10498300	5200	0.4326	0.000000e+00	2.466579e+06	1.984467e-05	3.726508e+07	0.0000	0.0000	
deletion	chr21:10500701-10501500	800	0.3253	3.113474e+00	3.291117e-08	1.000000e+00	1.000000e+00	0.0000	0.0000	
deletion	chr21:10502701-10505200	2500	0.0467	0.000000e+00	4.183149e-64	2.129694e-01	1.546339e-22	0.0000	0.0000	
deletion	chr21:10505301-10507000	1700	0.3026	1.018609e-03	1.012024e-05	1.000000e+00	1.000000e+00	0.0000	0.0000	
deletion	chr21:10507201-10510000	2800	0.1293	0.000000e+00	8.957755e-50	4.716430e-04	5.750453e-28	0.0000	0.0000	
duplication	chr21:10510001-10616700	106700	2.5831	0.000000e+00	1.481191e-41	0.000000e+00	1.591221e-140	0.0000	0.0000	
duplication	chr21:10616901-10814500	197600	4.1411	0.000000e+00	0.000000e+00	0.000000e+00	0.000000e+00	0.0002	0.0000	
deletion	chr21:10814501-12965800	2151300	0.0000	0.000000e+00	0.000000e+00	0.000000e+00	0.000000e+00	0.0000	0.0470	
duplication	chr21:12965801-13024000	58200	2.2667	0.000000e+00	1.841900e-65	0.000000e+00	6.528987e-63	0.0000	0.0001	
duplication	chr21:13024301-13029900	5600	1.8992	0.000000e+00	3.852170e-60	0.000000e+00	1.523931e-35	0.0000	0.0000	
duplication	chr21:13030501-13037800	7300	1.8669	0.000000e+00	1.775343e+05	0.000000e+00	2.525601e+06	0.0000	0.0000	
deletion	chr21:13061601-13064100	2500	0.5664	2.814237e-03	5.887438e+05	3.502308e+04	2.840414e+05	0.0000	0.0000	
duplication	chr21:13123901-13132600	8700	1.2870	0.000000e+00	2.547884e-02	1.284495e-09	8.847807e+00	0.0000	0.0000	
deletion	chr21:13179901-13186000	6100	0.5848	5.225328e-11	7.106032e+00	1.395417e-04	4.714109e+03	0.0000	0.0000	
deletion	chr21:13368201-13368600	400	0.1735	3.143394e+03	7.092288e-04	1.000000e+00	1.000000e+00	0.0000	0.0000	
deletion	chr21:13370601-13371400	800	0.2503	2.978667e+00	4.864780e-08	1.000000e+00	1.000000e+00	0.0000	0.0000	
duplication	chr21:13440501-13442200	1700	1.6244	2.493236e-03	3.720961e-09	1.000000e+00	1.000000e+00	0.0000	0.0000	
deletion	chr21:13444501-13445900	1400	0.0057	0.000000e+00	2.544663e-67	1.000000e+00	1.000000e+00	0.0000	0.0000	
deletion	chr21:13585401-13603500	18100	0.3393	0.000000e+00	1.527651e-104	0.000000e+00	5.017521e-92	0.0000	0.0000	
deletion	chr21:13604001-13695400	91400	0.2674	0.000000e+00	5.989041e-186	0.000000e+00	1.089754e-181	0.0000	0.0000	
deletion	chr21:13695601-13778100	82500	0.1169	0.000000e+00	4.463472e-09	0.000000e+00	1.206120e-08	0.0000	0.0000	
deletion	chr21:13783901-13785300	1400	0.3817	4.578714e-02	2.417542e-06	1.000000e+00	1.000000e+00	0.0000	0.0000	
deletion	chr21:13785701-13787400	1700	0.2788	1.135857e-06	1.778591e-20	1.000000e+00	1.000000e+00	0.0000	0.0000	
deletion	chr21:13787601-13799100	11500	0.2550	0.000000e+00	1.072191e-07	0.000000e+00	7.713902e-05	0.0000	0.0000	
duplication	chr21:13875901-13878500	2600	1.3425	2.268262e-02	2.552092e-01	5.051169e+04	1.375752e+07	0.0000	0.0000	
duplication	chr21:13891701-13900500	8800	1.2454	5.835207e-08	2.870859e+09	3.111734e-05	2.870891e+09	0.0000	0.0000	
deletion	chr21:13900501-13904900	4400	0.6821	1.448841e-10	2.198260e-03	5.545379e-04	7.068560e+02	0.0000	0.0000	
deletion	chr21:13980701-13981900	1200	0.4076	4.763293e-02	2.467452e-08	1.000000e+00	1.000000e+00	0.0000	0.0000	
deletion	chr21:13984001-13984500	500	0.2056	3.358497e+01	1.009061e-09	1.000000e+00	1.000000e+00	0.0000	0.0000	
deletion	chr21:14059201-14063800	4600	0.7051	2.020081e-05	1.550416e+04	2.781762e+00	3.024841e+06	0.0000	0.0000	
deletion	chr21:14088001-14089700	1700	0.4699	8.168709e-02	2.811758e-04	1.000000e+00	1.000000e+00	0.0000	0.0000	
deletion	chr21:14929701-14930200	500	0.3541	5.092954e+02	1.550622e-02	1.000000e+00	1.000000e+00	0.0000	0.0000	
deletion	chr21:15216001-15219200	3200	0.5663	0.000000e+00	1.456963e-13	1.140409e-01	1.396035e-01	0.0000	0.0000	
deletion	chr21:16182001-16184700	2700	0.6738	7.729302e-03	8.202569e+06	2.131394e+05	6.287182e+08	0.0000	0.0000	
deletion	chr21:17239801-17241300	1500	0.4765	1.530571e-05	6.379803e-11	1.000000e+00	1.000000e+00	0.0000	0.0000	
deletion	chr21:17292001-17292800	800	0.3233	1.671118e+00	1.146326e-09	1.000000e+00	1.000000e+00	0.0000	0.0000	
deletion	chr21:17954301-17956900	2600	0.4785	0.000000e+00	5.245788e-27	7.665008e+01	9.435412e+00	0.0000	0.0000	
deletion	chr21:18872001-18874600	2600	0.7133	2.288403e-02	2.969707e+06	1.262692e+04	1.527515e+07	0.0000	0.0000	
deletion	chr21:18876601-18878500	1900	0.7489	1.236625e-02	4.833917e+01	1.000000e+00	1.000000e+00	0.0000	0.0000	
deletion	chr21:19186201-19188100	1900	0.7003	1.938345e-02	3.081464e+03	1.000000e+00	1.000000e+00	0.0000	0.0000	
deletion	chr21:20287501-20288900	1400	0.2938	1.197421e-03	7.797321e-11	1.000000e+00	1.000000e+00	0.0000	0.0000	
deletion	chr21:20587701-20588500	800	0.3060	6.110880e+01	1.217730e-03	1.000000e+00	1.000000e+00	0.0000	0.0000	
deletion	chr21:20701201-20702200	1000	0.5042	5.664877e-02	5.082458e-04	1.000000e+00	1.000000e+00	0.0000	0.0000	
deletion	chr21:24972101-24973500	1400	0.6016	2.766783e-02	1.391758e+01	1.000000e+00	1.000000e+00	0.0000	0.0000	
deletion	chr21:25373601-25373900	300	0.1431	7.222624e+03	2.192395e-04	1.000000e+00	1.000000e+00	0.0000	0.0000	
deletion	chr21:25452801-25453100	300	0.0000	8.868239e+02	4.975035e-10	1.000000e+00	1.000000e+00	-1.0000	0.0000	
duplication	chr21:27676701-27678000	1300	1.6630	3.216816e-02	2.299474e-09	1.000000e+00	1.000000e+00	0.0000	0.0000	
duplication	chr21:27678401-27680200	1800	1.9258	7.472717e-04	9.407696e-10	1.000000e+00	1.000000e+00	0.0000	0.0000	
duplication	chr21:27681601-27684300	2700	3.3399	0.000000e+00	0.000000e+00	1.116865e+01	4.663316e-105	0.0000	0.0000	
deletion	chr21:31503001-31504100	1100	0.5163	8.952141e-01	1.357382e-02	1.000000e+00	1.000000e+00	0.0000	0.0000	
deletion	chr21:31733201-31735600	2400	0.6969	1.553828e-02	6.827679e+06	7.334894e+05	1.048914e+09	0.0000	0.0000	
deletion	chr21:31784401-31784800	400	0.0390	2.522352e+01	3.576745e-13	1.000000e+00	1.000000e+00	0.0000	0.0500	
deletion	chr21:33321301-33322600	1300	0.1253	1.077123e-04	1.060461e-16	1.000000e+00	1.000000e+00	0.0000	0.0000	
deletion	chr21:33323101-33323600	500	0.0994	1.722697e+02	7.082190e-09	1.000000e+00	1.000000e+00	0.0000	0.0000	
deletion	chr21:34374301-34495700	121400	0.0139	0.000000e+00	0.000000e+00	0.000000e+00	0.000000e+00	0.0000	0.0000	
duplication	chr21:34614001-34616100	2100	1.4387	6.819180e-03	3.209044e+01	nan	1.005640e+06	0.0000	0.0000	
duplication	chr21:34888301-34890400	2100	1.5238	3.249994e-04	1.585173e-02	nan	1.020214e+08	0.0000	0.0000	
deletion	chr21:35493401-35497000	3600	0.7197	4.171218e-03	2.474579e+05	9.643559e+01	2.916912e+07	0.0009	0.0000	
deletion	chr21:35769201-35770000	800	0.3484	1.699489e+01	1.900835e-03	1.000000e+00	1.000000e+00	0.0000	0.0000	
deletion	chr21:36004701-36005100	400	0.0000	1.296889e+01	2.773642e-16	1.000000e+00	1.000000e+00	-1.0000	0.0000	
deletion	chr21:36031801-36033100	1300	0.2674	9.023466e-04	1.014883e-10	1.000000e+00	1.000000e+00	0.0000	0.0000	
deletion	chr21:36496301-36497800	1500	0.3317	1.019492e-02	2.023996e-11	1.000000e+00	1.000000e+00	0.0000	0.0000	
deletion	chr21:37756901-37757400	500	0.0970	2.351836e+02	7.331479e-09	1.000000e+00	1.000000e+00	0.0000	0.0000	
deletion	chr21:38064001-38064200	200	0.0000	7.618979e+04	8.923636e-04	1.000000e+00	1.000000e+00	-1.0000	0.0000	
deletion	chr21:38109201-38109600	400	0.2210	6.383416e+03	4.430838e-03	1.000000e+00	1.000000e+00	0.0000	0.0000	
deletion	chr21:38207501-38208100	600	0.2017	1.487510e+02	2.530200e-06	1.000000e+00	1.000000e+00	0.0000	0.0000	
deletion	chr21:38218601-38219000	400	0.0161	2.260362e+01	1.323597e-13	1.000000e+00	1.000000e+00	0.0000	0.0000	
deletion	chr21:38678801-38679000	200	0.0000	7.618979e+04	8.923636e-04	1.000000e+00	1.000000e+00	-1.0000	0.0000	
deletion	chr21:39583801-39584100	300	0.0538	5.848815e+03	5.147305e-06	1.000000e+00	1.000000e+00	0.0000	0.0000	
deletion	chr21:39663601-39665300	1700	0.6112	1.200352e-03	1.805254e-04	1.000000e+00	1.000000e+00	0.0000	0.0000	
deletion	chr21:40023501-40025400	1900	0.5672	2.979763e-06	1.185099e-03	1.000000e+00	1.000000e+00	0.0022	0.0000	
deletion	chr21:40033801-40036300	2500	0.4254	4.837994e-03	2.517680e-01	1.671131e+04	2.800804e+05	0.0000	0.0000	
deletion	chr21:40182601-40183100	500	0.1247	2.847231e+02	2.218287e-07	1.000000e+00	1.000000e+00	0.0000	0.0000	
deletion	chr21:40440401-40440800	400	0.2272	3.534077e+03	5.938992e-03	1.000000e+00	1.000000e+00	0.0000	0.0000	
deletion	chr21:40682601-40682900	300	0.1338	2.106150e+04	3.508775e-03	1.000000e+00	1.000000e+00	0.0000	0.0000	
deletion	chr21:41110801-41112700	1900	0.7387	4.738798e-02	5.020495e+02	1.000000e+00	1.000000e+00	0.0000	0.0000	
deletion	chr21:41473601-41475800	2200	0.1133	1.448841e-10	2.065365e-20	7.618979e+04	8.923636e-04	0.0000	0.0000	
deletion	chr21:41844401-41845300	900	0.0495	2.671657e-04	5.404504e-30	1.000000e+00	1.000000e+00	0.0000	0.0000	
deletion	chr21:41855901-41856300	400	0.1111	5.020449e+02	2.073119e-07	1.000000e+00	1.000000e+00	0.0000	0.0000	
deletion	chr21:42283701-42284200	500	0.0992	4.255645e-01	5.089262e-16	1.000000e+00	1.000000e+00	0.0000	0.0000	
deletion	chr21:42587401-42590700	3300	0.3587	1.533840e-07	4.517629e+06	2.366024e-01	8.204116e+00	0.0000	0.0000	
deletion	chr21:42615401-42615800	400	0.1997	2.464891e+03	2.108089e-05	1.000000e+00	1.000000e+00	0.0000	0.0250	
deletion	chr21:43035701-43044700	9000	0.4600	0.000000e+00	2.695435e-65	0.000000e+00	3.545277e-58	0.0000	0.0000	
deletion	chr21:43044901-43087400	42500	0.0852	0.000000e+00	0.000000e+00	0.000000e+00	0.000000e+00	0.0000	0.0000	
deletion	chr21:43088901-43089800	900	0.3324	9.047397e-01	2.860398e-07	1.000000e+00	1.000000e+00	0.0000	0.0000	
deletion	chr21:43090001-43091100	1100	0.2236	1.036200e-03	1.335735e-19	1.000000e+00	1.000000e+00	0.0000	0.0000	
deletion	chr21:43091501-43094800	3300	0.2419	0.000000e+00	3.145362e-03	6.178750e-08	5.790270e-40	0.0000	0.0000	
deletion	chr21:43098001-43099800	1800	0.3355	9.287678e-03	1.709006e+05	1.000000e+00	1.000000e+00	0.0000	0.0000	
deletion	chr21:43100001-43107000	7000	0.1673	0.000000e+00	1.491328e-19	0.000000e+00	1.798239e-11	0.0000	0.0000	
deletion	chr21:43107701-43117000	9300	0.1291	0.000000e+00	1.395829e-01	0.000000e+00	2.305286e+01	0.0000	0.0000	
deletion	chr21:43117601-43118200	600	0.2692	9.143793e+01	4.268991e-06	1.000000e+00	1.000000e+00	0.0000	0.0000	
deletion	chr21:43118401-43126100	7700	0.0937	0.000000e+00	3.552254e-104	0.000000e+00	7.535897e-75	0.0000	0.0000	
deletion	chr21:43126301-43135900	9600	0.1037	0.000000e+00	2.559666e-96	0.000000e+00	1.965933e-74	0.0000	0.0000	
deletion	chr21:43136101-43187600	51500	0.0841	0.000000e+00	5.317574e-166	0.000000e+00	3.246644e-159	0.0000	0.0000	
deletion	chr21:43212401-43262500	50100	0.0003	0.000000e+00	0.000000e+00	0.000000e+00	0.000000e+00	0.0000	0.9980	
deletion	chr21:43279901-43281000	1100	0.0343	1.845823e-07	8.471791e-40	1.000000e+00	1.000000e+00	0.0000	0.0000	
deletion	chr21:43376901-43405300	28400	0.0758	0.000000e+00	8.788072e+02	0.000000e+00	1.721451e-162	0.0000	0.0000	
deletion	chr21:43405801-43571900	166100	0.0633	0.000000e+00	6.323009e-218	0.000000e+00	3.389130e-215	0.0000	0.0001	
deletion	chr21:43581801-43583800	2000	0.4586	1.415910e-04	1.481631e-02	1.000000e+00	1.000000e+00	0.0000	0.0000	
deletion	chr21:43741101-43741500	400	0.0774	7.891495e+01	3.461855e-11	1.000000e+00	1.000000e+00	0.0000	0.0000	
deletion	chr21:44095901-44188600	92700	0.0228	0.000000e+00	2.017175e-97	0.000000e+00	3.935481e-95	0.0000	0.0000	
deletion	chr21:44188801-44190100	1300	0.1835	2.539527e-04	2.186129e-24	1.000000e+00	1.000000e+00	0.0000	0.0000	
deletion	chr21:44191901-44195600	3700	0.3334	0.000000e+00	3.330103e-10	2.959285e-05	5.726693e+00	0.0000	0.0000	
deletion	chr21:44201501-44213300	11800	0.2246	0.000000e+00	7.092673e+07	0.000000e+00	1.328069e+08	0.0000	0.0000	
deletion	chr21:44213701-44253400	39700	0.0751	0.000000e+00	7.163935e-291	0.000000e+00	8.881694e-276	0.0000	0.0000	
deletion	chr21:44261901-44263200	1300	0.2591	1.171711e-02	3.463557e-12	1.000000e+00	1.000000e+00	0.0000	0.0000	
deletion	chr21:44395701-44396900	1200	0.0887	1.974041e-05	9.514857e-24	1.000000e+00	1.000000e+00	0.0000	0.0000	
deletion	chr21:44430401-44430700	300	0.0000	8.868239e+02	4.975035e-10	1.000000e+00	1.000000e+00	-1.0000	0.0000	
deletion	chr21:44534001-44534500	500	0.2252	2.404429e+03	6.446147e-03	1.000000e+00	1.000000e+00	0.0000	0.0000	
deletion	chr21:44836001-44836500	500	0.0187	4.045434e-02	7.641471e-21	1.000000e+00	1.000000e+00	0.0000	0.0000	
deletion	chr21:44912901-44913100	200	0.0162	5.317953e+04	4.300084e-03	1.000000e+00	1.000000e+00	0.0000	0.0000	
deletion	chr21:44978401-44978800	400	0.0379	3.394677e+01	1.044110e-12	1.000000e+00	1.000000e+00	0.0000	0.0000	
deletion	chr21:44984001-44984400	400	0.1033	1.925880e+03	3.546679e-06	1.000000e+00	1.000000e+00	0.0000	0.0000	
deletion	chr21:45058401-45058800	400	0.2689	1.475400e+03	9.876407e-04	1.000000e+00	1.000000e+00	0.0000	0.0000	
deletion	chr21:45155701-45156000	300	0.2493	4.619719e+02	1.662066e-02	1.000000e+00	1.000000e+00	0.0000	0.0000	
deletion	chr21:45287101-45287600	500	0.1826	2.856034e+02	6.941070e-06	1.000000e+00	1.000000e+00	0.0000	0.0000	
deletion	chr21:45335101-45335600	500	0.2126	7.565995e+02	6.417110e-06	1.000000e+00	1.000000e+00	0.0000	0.0000	
deletion	chr21:45373901-45376200	2300	0.6106	3.240372e-02	3.286251e+04	3.295930e+03	9.069803e+02	0.0000	0.0000	
deletion	chr21:45437101-45438400	1300	0.3336	7.028378e-02	1.688811e-06	1.000000e+00	1.000000e+00	0.0000	0.0000	
deletion	chr21:45489801-45490200	400	0.1605	6.934026e+03	1.561763e-03	1.000000e+00	1.000000e+00	0.0000	0.0000	
deletion	chr21:45500301-45501100	800	0.2492	4.962937e+00	7.703191e-08	1.000000e+00	1.000000e+00	0.0000	0.0000	
deletion	chr21:45524201-45524800	600	0.4737	5.196942e+00	6.737746e-03	1.000000e+00	1.000000e+00	0.0000	0.0000	
deletion	chr21:45553601-45555500	1900	0.2246	2.133662e-05	1.991331e-22	1.000000e+00	1.000000e+00	0.0000	0.0000	
deletion	chr21:45637601-45637800	200	0.0162	5.317953e+04	4.300084e-03	1.000000e+00	1.000000e+00	0.0000	0.0000	
deletion	chr21:45738901-45739400	500	0.1911	8.689899e-01	5.628389e-12	1.000000e+00	1.000000e+00	0.0000	0.0000	
deletion	chr21:45814301-45816600	2300	0.4734	2.212967e-02	9.635079e+08	1.062766e+05	2.840730e+04	0.0000	0.0000	
deletion	chr21:45909701-45910200	500	0.0502	1.472893e+01	9.678050e-15	1.000000e+00	1.000000e+00	0.0000	0.0000	
deletion	chr21:45968001-45969800	1800	0.0063	0.000000e+00	3.029021e-83	1.000000e+00	1.000000e+00	0.0000	0.0000	
deletion	chr21:45977201-45978500	1300	0.2918	9.998940e-03	1.822817e-16	1.000000e+00	1.000000e+00	0.0000	0.0000	
deletion	chr21:45981501-45981800	300	0.1046	1.568342e+04	9.550357e-04	1.000000e+00	1.000000e+00	0.0000	0.0000	
deletion	chr21:45987801-45988500	700	0.1230	1.935731e+00	1.701741e-11	1.000000e+00	1.000000e+00	0.0000	0.0000	
deletion	chr21:46134301-46136300	2000	0.4930	2.630013e-02	4.156902e+03	1.000000e+00	1.000000e+00	0.0000	0.0000	
deletion	chr21:46237401-46238800	1400	0.5198	3.587020e-04	1.273830e-05	1.000000e+00	1.000000e+00	0.0000	0.0000	
deletion	chr21:46682701-46686700	4000	0.5439	5.107543e-04	2.422471e+09	5.057204e+02	2.637217e+09	0.0000	0.0000	
deletion	chr21:46689801-46691600	1800	0.3621	5.819009e-05	5.620352e-10	1.000000e+00	1.000000e+00	0.0000	0.0000	
deletion	chr21:46699901-46710000	10100	0.0021	0.000000e+00	0.000000e+00	0.000000e+00	0.000000e+00	0.0000	0.9918	
