chromosome	start	end	copyNumber	bafCount	observedBAF	baf	segmentStartSupport	segmentEndSupport	method	depthWindowCount	gcContent	minStart	maxStart	minorAlleleCopyNumber	majorAlleleCopyNumber
chr21	1	11890183	1.8393	0	0.0000	0.5628	TELOMERE	CENTROMERE	LONG_ARM	0	0.0000	1	1	0.8041	1.0352
chr21	11890184	24114000	1.8393	2252	0.5423	0.5628	CENTROMERE	NONE	BAF_WEIGHTED	9641	0.3583	11890184	11890184	0.8041	1.0352
chr21	24114001	27677600	2.7224	860	0.5383	0.6104	NONE	DUP	BAF_WEIGHTED	3455	0.3702	24114001	24114001	1.0607	1.6617
chr21	27677601	27677655	10.5300	0	0.0000	0.9065	DUP	MULTIPLE	STRUCTURAL_VARIANT	0	0.0000	27677601	27677601	0.9844	9.5456
chr21	27677656	27678913	2.1609	0	0.0000	0.5445	MULTIPLE	MULTIPLE	STRUCTURAL_VARIANT	0	0.0000	27677656	27677656	0.9844	1.1765
chr21	27678914	27679214	2.8162	0	0.0000	0.6505	MULTIPLE	DEL	STRUCTURAL_VARIANT	0	0.0000	27678914	27678914	0.9844	1.8318
chr21	27679215	27679766	4.8707	0	0.0000	0.7979	DEL	DEL	STRUCTURAL_VARIANT	0	0.0000	27679215	27679215	0.9844	3.8864
chr21	27679767	27680456	0.0000	0	0.0000	1.0000	DEL	DEL	STRUCTURAL_VARIANT	0	0.0000	27679767	27679767	0.0000	0.0000
chr21	27680457	27681587	2.8308	0	0.0000	0.6523	DEL	DUP	STRUCTURAL_VARIANT	0	0.0000	27680457	27680457	0.9844	1.8465
chr21	27681588	27684357	30.5312	0	0.0000	0.9678	DUP	DUP	BAF_WEIGHTED	2	0.3665	27681588	27681588	0.9844	29.5469
chr21	27684358	27687768	1.9104	0	0.0000	0.5153	DUP	DEL	BAF_WEIGHTED	2	0.2870	27684358	27684358	0.9260	0.9844
chr21	27687769	27687836	0.0000	0	0.0000	1.0000	DEL	DEL	STRUCTURAL_VARIANT	0	0.0000	27687769	27687769	0.0000	0.0000
chr21	27687837	27690936	1.7511	0	0.0000	0.5621	DEL	DUP	BAF_WEIGHTED	2	0.3330	27687837	27687837	0.7667	0.9844
chr21	27690937	27693736	3.2228	0	0.0000	0.6946	DUP	DUP	BAF_WEIGHTED	2	0.3385	27690937	27690937	0.9844	2.2385
chr21	27693737	27696836	0.8086	0	0.0000	1.0000	DUP	DUP	STRUCTURAL_VARIANT	0	0.3290	27693737	27693737	0.0000	0.8086
chr21	27696837	27696941	4.0820	0	0.0000	0.7589	DUP	DUP	STRUCTURAL_VARIANT	0	0.0000	27696837	27696837	0.9844	3.0977
chr21	27696942	46709983	2.4860	4547	0.5419	0.6040	DUP	TELOMERE	BAF_WEIGHTED	16835	0.4384	27696942	27696942	0.9844	1.5017
